{"cameraMode":{"drawMode":0,"name":"Shaded","section":"Shading Mode"},"sceneLighting":true,"audioPlay":false,"sceneViewState":{"showFog":true,"showMaterialUpdate":false,"showSkybox":true,"showFlares":true,"showImageEffects":true,"showParticleSystems":true},"in2DMode":false,"pivot":{"x":-2.8160400390625,"y":11.097150802612305,"z":-2.729541778564453},"rotation":{"x":-0.06770357489585877,"y":0.9030636548995972,"z":-0.15484017133712769,"w":-0.39486292004585268},"size":46.000247955322269,"orthographic":false}