{"cameraMode":{"drawMode":0,"name":"Shaded","section":"Shading Mode"},"sceneLighting":true,"audioPlay":false,"sceneViewState":{"showFog":true,"showMaterialUpdate":false,"showSkybox":true,"showFlares":true,"showImageEffects":true,"showParticleSystems":true},"in2DMode":false,"pivot":{"x":-1.8160195350646973,"y":42.598453521728519,"z":-6.441496849060059},"rotation":{"x":0.3849000334739685,"y":0.5736589431762695,"z":-0.348564088344574,"w":0.6334600448608398},"size":10.61666488647461,"orthographic":false}