{"cameraMode":{"drawMode":0,"name":"Shaded","section":"Shading Mode"},"sceneLighting":true,"audioPlay":false,"sceneViewState":{"showFog":true,"showMaterialUpdate":false,"showSkybox":true,"showFlares":true,"showImageEffects":true,"showParticleSystems":true},"in2DMode":false,"pivot":{"x":-10.13852310180664,"y":21.075529098510743,"z":-20.099273681640626},"rotation":{"x":0.2876650393009186,"y":0.699244499206543,"z":-0.37504613399505618,"w":0.5363296270370483},"size":34.49711608886719,"orthographic":false}