{"cameraMode":{"drawMode":0,"name":"Shaded","section":"Shading Mode"},"sceneLighting":true,"audioPlay":false,"sceneViewState":{"showFog":true,"showMaterialUpdate":false,"showSkybox":true,"showFlares":true,"showImageEffects":true,"showParticleSystems":true},"in2DMode":false,"pivot":{"x":2.8265233039855959,"y":9.755415916442871,"z":-4.4582438468933109},"rotation":{"x":0.07016605138778687,"y":0.08816492557525635,"z":-0.006225994322448969,"w":0.9936133623123169},"size":188.1566619873047,"orthographic":false}