{"cameraMode":{"drawMode":0,"name":"Shaded","section":"Shading Mode"},"sceneLighting":true,"audioPlay":false,"sceneViewState":{"showFog":true,"showMaterialUpdate":false,"showSkybox":true,"showFlares":true,"showImageEffects":true,"showParticleSystems":true},"in2DMode":false,"pivot":{"x":-2.372997760772705,"y":85.82089233398438,"z":0.8794159293174744},"rotation":{"x":0.056253936141729358,"y":-0.27204322814941409,"z":0.015932701528072358,"w":0.9605074524879456},"size":259.0360107421875,"orthographic":false}