{"cameraMode":{"drawMode":0,"name":"Shaded","section":"Shading Mode"},"sceneLighting":true,"audioPlay":false,"sceneViewState":{"showFog":true,"showMaterialUpdate":false,"showSkybox":true,"showFlares":true,"showImageEffects":true,"showParticleSystems":true},"in2DMode":false,"pivot":{"x":28.6715030670166,"y":23.438377380371095,"z":14.218070983886719},"rotation":{"x":-0.4200373589992523,"y":-0.1756306290626526,"z":0.08321843296289444,"w":-0.8864575028419495},"size":80.2876205444336,"orthographic":false}