{"cameraMode":{"drawMode":0,"name":"Shaded","section":"Shading Mode"},"sceneLighting":true,"audioPlay":false,"sceneViewState":{"showFog":true,"showMaterialUpdate":false,"showSkybox":true,"showFlares":true,"showImageEffects":true,"showParticleSystems":true},"in2DMode":false,"pivot":{"x":-0.2815370559692383,"y":0.9958124160766602,"z":0.6060891151428223},"rotation":{"x":0.28378719091415408,"y":-0.2148379385471344,"z":0.0653885081410408,"w":0.9322331547737122},"size":27.828678131103517,"orthographic":false}